user_id,username,password
1,user1,password
2,user2,password
3,user3,password
4,user4,password
5,user5,password
6,user6,password
7,user7,password
8,user8,password
9,user9,password
10,user10,password
11,user11,password
12,user12,password
13,user13,password
14,user14,password
15,user15,password
16,user16,password
17,user17,password
18,user18,password
19,user19,password
20,user20,password
21,user21,password
22,user22,password
23,user23,password
24,user24,password
25,user25,password
26,user26,password
27,user27,password
28,user28,password
29,user29,password
30,user30,password
31,user31,password
32,user32,password
33,user33,password
34,user34,password
35,user35,password
36,user36,password
37,user37,password
38,user38,password
39,user39,password
40,user40,password
41,user41,password
42,user42,password
43,user43,password
44,user44,password
45,user45,password
46,user46,password
47,user47,password
48,user48,password
49,user49,password
50,user50,password
51,user51,password
52,user52,password
53,user53,password
54,user54,password
55,user55,password
56,user56,password
57,user57,password
58,user58,password
59,user59,password
60,user60,password
61,user61,password
62,user62,password
63,user63,password
64,user64,password
65,user65,password
66,user66,password
67,user67,password
68,user68,password
69,user69,password
70,user70,password
71,user71,password
72,user72,password
73,user73,password
74,user74,password
75,user75,password
76,user76,password
77,user77,password
78,user78,password
79,user79,password
80,user80,password
81,user81,password
82,user82,password
83,user83,password
84,user84,password
85,user85,password
86,user86,password
87,user87,password
88,user88,password
89,user89,password
90,user90,password
91,user91,password
92,user92,password
93,user93,password
94,user94,password
95,user95,password
96,user96,password
97,user97,password
98,user98,password
99,user99,password
100,user100,password
101,user101,password
102,user102,password
103,user103,password
104,user104,password
105,user105,password
106,user106,password
107,user107,password
108,user108,password
109,user109,password
110,user110,password
111,user111,password
112,user112,password
113,user113,password
114,user114,password
115,user115,password
116,user116,password
117,user117,password
118,user118,password
119,user119,password
120,user120,password
121,user121,password
122,user122,password
123,user123,password
124,user124,password
125,user125,password
126,user126,password
127,user127,password
128,user128,password
129,user129,password
130,user130,password
131,user131,password
132,user132,password
133,user133,password
134,user134,password
135,user135,password
136,user136,password
137,user137,password
138,user138,password
139,user139,password
140,user140,password
141,user141,password
142,user142,password
143,user143,password
144,user144,password
145,user145,password
146,user146,password
147,user147,password
148,user148,password
149,user149,password
150,user150,password
151,user151,password
152,user152,password
153,user153,password
154,user154,password
155,user155,password
156,user156,password
157,user157,password
158,user158,password
159,user159,password
160,user160,password
161,user161,password
162,user162,password
163,user163,password
164,user164,password
165,user165,password
166,user166,password
167,user167,password
168,user168,password
169,user169,password
170,user170,password
171,user171,password
172,user172,password
173,user173,password
174,user174,password
175,user175,password
176,user176,password
177,user177,password
178,user178,password
179,user179,password
180,user180,password
181,user181,password
182,user182,password
183,user183,password
184,user184,password
185,user185,password
186,user186,password
187,user187,password
188,user188,password
189,user189,password
190,user190,password
191,user191,password
192,user192,password
193,user193,password
194,user194,password
195,user195,password
196,user196,password
197,user197,password
198,user198,password
199,user199,password
200,user200,password
201,user201,password
202,user202,password
203,user203,password
204,user204,password
205,user205,password
206,user206,password
207,user207,password
208,user208,password
209,user209,password
210,user210,password
211,user211,password
212,user212,password
213,user213,password
214,user214,password
215,user215,password
216,user216,password
217,user217,password
218,user218,password
219,user219,password
220,user220,password
221,user221,password
222,user222,password
223,user223,password
224,user224,password
225,user225,password
226,user226,password
227,user227,password
228,user228,password
229,user229,password
230,user230,password
231,user231,password
232,user232,password
233,user233,password
234,user234,password
235,user235,password
236,user236,password
237,user237,password
238,user238,password
239,user239,password
240,user240,password
241,user241,password
242,user242,password
243,user243,password
244,user244,password
245,user245,password
246,user246,password
247,user247,password
248,user248,password
249,user249,password
250,user250,password
251,user251,password
252,user252,password
253,user253,password
254,user254,password
255,user255,password
256,user256,password
257,user257,password
258,user258,password
259,user259,password
260,user260,password
261,user261,password
262,user262,password
263,user263,password
264,user264,password
265,user265,password
266,user266,password
267,user267,password
268,user268,password
269,user269,password
270,user270,password
271,user271,password
272,user272,password
273,user273,password
274,user274,password
275,user275,password
276,user276,password
277,user277,password
278,user278,password
279,user279,password
280,user280,password
281,user281,password
282,user282,password
283,user283,password
284,user284,password
285,user285,password
286,user286,password
287,user287,password
288,user288,password
289,user289,password
290,user290,password
291,user291,password
292,user292,password
293,user293,password
294,user294,password
295,user295,password
296,user296,password
297,user297,password
298,user298,password
299,user299,password
300,user300,password
301,user301,password
302,user302,password
303,user303,password
304,user304,password
305,user305,password
306,user306,password
307,user307,password
308,user308,password
309,user309,password
310,user310,password
311,user311,password
312,user312,password
313,user313,password
314,user314,password
315,user315,password
316,user316,password
317,user317,password
318,user318,password
319,user319,password
320,user320,password
321,user321,password
322,user322,password
323,user323,password
324,user324,password
325,user325,password
326,user326,password
327,user327,password
328,user328,password
329,user329,password
330,user330,password
331,user331,password
332,user332,password
333,user333,password
334,user334,password
335,user335,password
336,user336,password
337,user337,password
338,user338,password
339,user339,password
340,user340,password
341,user341,password
342,user342,password
343,user343,password
344,user344,password
345,user345,password
346,user346,password
347,user347,password
348,user348,password
349,user349,password
350,user350,password
351,user351,password
352,user352,password
353,user353,password
354,user354,password
355,user355,password
356,user356,password
357,user357,password
358,user358,password
359,user359,password
360,user360,password
361,user361,password
362,user362,password
363,user363,password
364,user364,password
365,user365,password
366,user366,password
367,user367,password
368,user368,password
369,user369,password
370,user370,password
371,user371,password
372,user372,password
373,user373,password
374,user374,password
375,user375,password
376,user376,password
377,user377,password
378,user378,password
379,user379,password
380,user380,password
381,user381,password
382,user382,password
383,user383,password
384,user384,password
385,user385,password
386,user386,password
387,user387,password
388,user388,password
389,user389,password
390,user390,password
391,user391,password
392,user392,password
393,user393,password
394,user394,password
395,user395,password
396,user396,password
397,user397,password
398,user398,password
399,user399,password
400,user400,password
401,user401,password
402,user402,password
403,user403,password
404,user404,password
405,user405,password
406,user406,password
407,user407,password
408,user408,password
409,user409,password
410,user410,password
411,user411,password
412,user412,password
413,user413,password
414,user414,password
415,user415,password
416,user416,password
417,user417,password
418,user418,password
419,user419,password
420,user420,password
421,user421,password
422,user422,password
423,user423,password
424,user424,password
425,user425,password
426,user426,password
427,user427,password
428,user428,password
429,user429,password
430,user430,password
431,user431,password
432,user432,password
433,user433,password
434,user434,password
435,user435,password
436,user436,password
437,user437,password
438,user438,password
439,user439,password
440,user440,password
441,user441,password
442,user442,password
443,user443,password
444,user444,password
445,user445,password
446,user446,password
447,user447,password
448,user448,password
449,user449,password
450,user450,password
451,user451,password
452,user452,password
453,user453,password
454,user454,password
455,user455,password
456,user456,password
457,user457,password
458,user458,password
459,user459,password
460,user460,password
461,user461,password
462,user462,password
463,user463,password
464,user464,password
465,user465,password
466,user466,password
467,user467,password
468,user468,password
469,user469,password
470,user470,password
471,user471,password
472,user472,password
473,user473,password
474,user474,password
475,user475,password
476,user476,password
477,user477,password
478,user478,password
479,user479,password
480,user480,password
481,user481,password
482,user482,password
483,user483,password
484,user484,password
485,user485,password
486,user486,password
487,user487,password
488,user488,password
489,user489,password
490,user490,password
491,user491,password
492,user492,password
493,user493,password
494,user494,password
495,user495,password
496,user496,password
497,user497,password
498,user498,password
499,user499,password
500,user500,password
501,user501,password
502,user502,password
503,user503,password
504,user504,password
505,user505,password
506,user506,password
507,user507,password
508,user508,password
509,user509,password
510,user510,password
511,user511,password
512,user512,password
513,user513,password
514,user514,password
515,user515,password
516,user516,password
517,user517,password
518,user518,password
519,user519,password
520,user520,password
521,user521,password
522,user522,password
523,user523,password
524,user524,password
525,user525,password
526,user526,password
527,user527,password
528,user528,password
529,user529,password
530,user530,password
531,user531,password
532,user532,password
533,user533,password
534,user534,password
535,user535,password
536,user536,password
537,user537,password
538,user538,password
539,user539,password
540,user540,password
541,user541,password
542,user542,password
543,user543,password
544,user544,password
545,user545,password
546,user546,password
547,user547,password
548,user548,password
549,user549,password
550,user550,password
551,user551,password
552,user552,password
553,user553,password
554,user554,password
555,user555,password
556,user556,password
557,user557,password
558,user558,password
559,user559,password
560,user560,password
561,user561,password
562,user562,password
563,user563,password
564,user564,password
565,user565,password
566,user566,password
567,user567,password
568,user568,password
569,user569,password
570,user570,password
571,user571,password
572,user572,password
573,user573,password
574,user574,password
575,user575,password
576,user576,password
577,user577,password
578,user578,password
579,user579,password
580,user580,password
581,user581,password
582,user582,password
583,user583,password
584,user584,password
585,user585,password
586,user586,password
587,user587,password
588,user588,password
589,user589,password
590,user590,password
591,user591,password
592,user592,password
593,user593,password
594,user594,password
595,user595,password
596,user596,password
597,user597,password
598,user598,password
599,user599,password
600,user600,password
601,user601,password
602,user602,password
603,user603,password
604,user604,password
605,user605,password
606,user606,password
607,user607,password
608,user608,password
609,user609,password
610,user610,password
611,user611,password
612,user612,password
613,user613,password
614,user614,password
615,user615,password
616,user616,password
617,user617,password
618,user618,password
619,user619,password
620,user620,password
621,user621,password
622,user622,password
623,user623,password
624,user624,password
625,user625,password
626,user626,password
627,user627,password
628,user628,password
629,user629,password
630,user630,password
631,user631,password
632,user632,password
633,user633,password
634,user634,password
635,user635,password
636,user636,password
637,user637,password
638,user638,password
639,user639,password
640,user640,password
641,user641,password
642,user642,password
643,user643,password
644,user644,password
645,user645,password
646,user646,password
647,user647,password
648,user648,password
649,user649,password
650,user650,password
651,user651,password
652,user652,password
653,user653,password
654,user654,password
655,user655,password
656,user656,password
657,user657,password
658,user658,password
659,user659,password
660,user660,password
661,user661,password
662,user662,password
663,user663,password
664,user664,password
665,user665,password
666,user666,password
667,user667,password
668,user668,password
669,user669,password
670,user670,password
671,user671,password
672,user672,password
673,user673,password
674,user674,password
675,user675,password
676,user676,password
677,user677,password
678,user678,password
679,user679,password
680,user680,password
681,user681,password
682,user682,password
683,user683,password
684,user684,password
685,user685,password
686,user686,password
687,user687,password
688,user688,password
689,user689,password
690,user690,password
691,user691,password
692,user692,password
693,user693,password
694,user694,password
695,user695,password
696,user696,password
697,user697,password
698,user698,password
699,user699,password
700,user700,password
701,user701,password
702,user702,password
703,user703,password
704,user704,password
705,user705,password
706,user706,password
707,user707,password
708,user708,password
709,user709,password
710,user710,password
711,user711,password
712,user712,password
713,user713,password
714,user714,password
715,user715,password
716,user716,password
717,user717,password
718,user718,password
719,user719,password
720,user720,password
721,user721,password
722,user722,password
723,user723,password
724,user724,password
725,user725,password
726,user726,password
727,user727,password
728,user728,password
729,user729,password
730,user730,password
731,user731,password
732,user732,password
733,user733,password
734,user734,password
735,user735,password
736,user736,password
737,user737,password
738,user738,password
739,user739,password
740,user740,password
741,user741,password
742,user742,password
743,user743,password
744,user744,password
745,user745,password
746,user746,password
747,user747,password
748,user748,password
749,user749,password
750,user750,password
751,user751,password
752,user752,password
753,user753,password
754,user754,password
755,user755,password
756,user756,password
757,user757,password
758,user758,password
759,user759,password
760,user760,password
761,user761,password
762,user762,password
763,user763,password
764,user764,password
765,user765,password
766,user766,password
767,user767,password
768,user768,password
769,user769,password
770,user770,password
771,user771,password
772,user772,password
773,user773,password
774,user774,password
775,user775,password
776,user776,password
777,user777,password
778,user778,password
779,user779,password
780,user780,password
781,user781,password
782,user782,password
783,user783,password
784,user784,password
785,user785,password
786,user786,password
787,user787,password
788,user788,password
789,user789,password
790,user790,password
791,user791,password
792,user792,password
793,user793,password
794,user794,password
795,user795,password
796,user796,password
797,user797,password
798,user798,password
799,user799,password
800,user800,password
801,user801,password
802,user802,password
803,user803,password
804,user804,password
805,user805,password
806,user806,password
807,user807,password
808,user808,password
809,user809,password
810,user810,password
811,user811,password
812,user812,password
813,user813,password
814,user814,password
815,user815,password
816,user816,password
817,user817,password
818,user818,password
819,user819,password
820,user820,password
821,user821,password
822,user822,password
823,user823,password
824,user824,password
825,user825,password
826,user826,password
827,user827,password
828,user828,password
829,user829,password
830,user830,password
831,user831,password
832,user832,password
833,user833,password
834,user834,password
835,user835,password
836,user836,password
837,user837,password
838,user838,password
839,user839,password
840,user840,password
841,user841,password
842,user842,password
843,user843,password
844,user844,password
845,user845,password
846,user846,password
847,user847,password
848,user848,password
849,user849,password
850,user850,password
851,user851,password
852,user852,password
853,user853,password
854,user854,password
855,user855,password
856,user856,password
857,user857,password
858,user858,password
859,user859,password
860,user860,password
861,user861,password
862,user862,password
863,user863,password
864,user864,password
865,user865,password
866,user866,password
867,user867,password
868,user868,password
869,user869,password
870,user870,password
871,user871,password
872,user872,password
873,user873,password
874,user874,password
875,user875,password
876,user876,password
877,user877,password
878,user878,password
879,user879,password
880,user880,password
881,user881,password
882,user882,password
883,user883,password
884,user884,password
885,user885,password
886,user886,password
887,user887,password
888,user888,password
889,user889,password
890,user890,password
891,user891,password
892,user892,password
893,user893,password
894,user894,password
895,user895,password
896,user896,password
897,user897,password
898,user898,password
899,user899,password
900,user900,password
901,user901,password
902,user902,password
903,user903,password
904,user904,password
905,user905,password
906,user906,password
907,user907,password
908,user908,password
909,user909,password
910,user910,password
911,user911,password
912,user912,password
913,user913,password
914,user914,password
915,user915,password
916,user916,password
917,user917,password
918,user918,password
919,user919,password
920,user920,password
921,user921,password
922,user922,password
923,user923,password
924,user924,password
925,user925,password
926,user926,password
927,user927,password
928,user928,password
929,user929,password
930,user930,password
931,user931,password
932,user932,password
933,user933,password
934,user934,password
935,user935,password
936,user936,password
937,user937,password
938,user938,password
939,user939,password
940,user940,password
941,user941,password
942,user942,password
943,user943,password
944,user944,password
945,user945,password
946,user946,password
947,user947,password
948,user948,password
949,user949,password
950,user950,password
951,user951,password
952,user952,password
953,user953,password
954,user954,password
955,user955,password
956,user956,password
957,user957,password
958,user958,password
959,user959,password
960,user960,password
961,user961,password
962,user962,password
963,user963,password
964,user964,password
965,user965,password
966,user966,password
967,user967,password
968,user968,password
969,user969,password
970,user970,password
971,user971,password
972,user972,password
973,user973,password
974,user974,password
975,user975,password
976,user976,password
977,user977,password
978,user978,password
979,user979,password
980,user980,password
981,user981,password
982,user982,password
983,user983,password
984,user984,password
985,user985,password
986,user986,password
987,user987,password
988,user988,password
989,user989,password
990,user990,password
991,user991,password
992,user992,password
993,user993,password
994,user994,password
995,user995,password
996,user996,password
997,user997,password
998,user998,password
999,user999,password
1000,user1000,password
1001,user1001,password
1002,user1002,password
1003,user1003,password
1004,user1004,password
1005,user1005,password
1006,user1006,password
1007,user1007,password
1008,user1008,password
1009,user1009,password
1010,user1010,password
1011,user1011,password
1012,user1012,password
1013,user1013,password
1014,user1014,password
1015,user1015,password
1016,user1016,password
1017,user1017,password
1018,user1018,password
1019,user1019,password
1020,user1020,password
1021,user1021,password
1022,user1022,password
1023,user1023,password
1024,user1024,password
1025,user1025,password
1026,user1026,password
1027,user1027,password
1028,user1028,password
1029,user1029,password
1030,user1030,password
1031,user1031,password
1032,user1032,password
1033,user1033,password
1034,user1034,password
1035,user1035,password
1036,user1036,password
1037,user1037,password
1038,user1038,password
1039,user1039,password
1040,user1040,password
1041,user1041,password
1042,user1042,password
1043,user1043,password
1044,user1044,password
1045,user1045,password
1046,user1046,password
1047,user1047,password
1048,user1048,password
1049,user1049,password
1050,user1050,password
1051,user1051,password
1052,user1052,password
1053,user1053,password
1054,user1054,password
1055,user1055,password
1056,user1056,password
1057,user1057,password
1058,user1058,password
1059,user1059,password
1060,user1060,password
1061,user1061,password
1062,user1062,password
1063,user1063,password
1064,user1064,password
1065,user1065,password
1066,user1066,password
1067,user1067,password
1068,user1068,password
1069,user1069,password
1070,user1070,password
1071,user1071,password
1072,user1072,password
1073,user1073,password
1074,user1074,password
1075,user1075,password
1076,user1076,password
1077,user1077,password
1078,user1078,password
1079,user1079,password
1080,user1080,password
1081,user1081,password
1082,user1082,password
1083,user1083,password
1084,user1084,password
1085,user1085,password
1086,user1086,password
1087,user1087,password
1088,user1088,password
1089,user1089,password
1090,user1090,password
1091,user1091,password
1092,user1092,password
1093,user1093,password
1094,user1094,password
1095,user1095,password
1096,user1096,password
1097,user1097,password
1098,user1098,password
1099,user1099,password
1100,user1100,password
1101,user1101,password
1102,user1102,password
1103,user1103,password
1104,user1104,password
1105,user1105,password
1106,user1106,password
1107,user1107,password
1108,user1108,password
1109,user1109,password
1110,user1110,password
1111,user1111,password
1112,user1112,password
1113,user1113,password
1114,user1114,password
1115,user1115,password
1116,user1116,password
1117,user1117,password
1118,user1118,password
1119,user1119,password
1120,user1120,password
1121,user1121,password
1122,user1122,password
1123,user1123,password
1124,user1124,password
1125,user1125,password
1126,user1126,password
1127,user1127,password
1128,user1128,password
1129,user1129,password
1130,user1130,password
1131,user1131,password
1132,user1132,password
1133,user1133,password
1134,user1134,password
1135,user1135,password
1136,user1136,password
1137,user1137,password
1138,user1138,password
1139,user1139,password
1140,user1140,password
1141,user1141,password
1142,user1142,password
1143,user1143,password
1144,user1144,password
1145,user1145,password
1146,user1146,password
1147,user1147,password
1148,user1148,password
1149,user1149,password
1150,user1150,password
1151,user1151,password
1152,user1152,password
1153,user1153,password
1154,user1154,password
1155,user1155,password
1156,user1156,password
1157,user1157,password
1158,user1158,password
1159,user1159,password
1160,user1160,password
1161,user1161,password
1162,user1162,password
1163,user1163,password
1164,user1164,password
1165,user1165,password
1166,user1166,password
1167,user1167,password
1168,user1168,password
1169,user1169,password
1170,user1170,password
1171,user1171,password
1172,user1172,password
1173,user1173,password
1174,user1174,password
1175,user1175,password
1176,user1176,password
1177,user1177,password
1178,user1178,password
1179,user1179,password
1180,user1180,password
1181,user1181,password
1182,user1182,password
1183,user1183,password
1184,user1184,password
1185,user1185,password
1186,user1186,password
1187,user1187,password
1188,user1188,password
1189,user1189,password
1190,user1190,password
1191,user1191,password
1192,user1192,password
1193,user1193,password
1194,user1194,password
1195,user1195,password
1196,user1196,password
1197,user1197,password
1198,user1198,password
1199,user1199,password
1200,user1200,password
1201,user1201,password
1202,user1202,password
1203,user1203,password
1204,user1204,password
1205,user1205,password
1206,user1206,password
1207,user1207,password
1208,user1208,password
1209,user1209,password
1210,user1210,password
1211,user1211,password
1212,user1212,password
1213,user1213,password
1214,user1214,password
1215,user1215,password
1216,user1216,password
1217,user1217,password
1218,user1218,password
1219,user1219,password
1220,user1220,password
1221,user1221,password
1222,user1222,password
1223,user1223,password
1224,user1224,password
1225,user1225,password
1226,user1226,password
1227,user1227,password
1228,user1228,password
1229,user1229,password
1230,user1230,password
1231,user1231,password
1232,user1232,password
1233,user1233,password
1234,user1234,password
1235,user1235,password
1236,user1236,password
1237,user1237,password
1238,user1238,password
1239,user1239,password
1240,user1240,password
1241,user1241,password
1242,user1242,password
1243,user1243,password
1244,user1244,password
1245,user1245,password
1246,user1246,password
1247,user1247,password
1248,user1248,password
1249,user1249,password
1250,user1250,password
1251,user1251,password
1252,user1252,password
1253,user1253,password
1254,user1254,password
1255,user1255,password
1256,user1256,password
1257,user1257,password
1258,user1258,password
1259,user1259,password
1260,user1260,password
1261,user1261,password
1262,user1262,password
1263,user1263,password
1264,user1264,password
1265,user1265,password
1266,user1266,password
1267,user1267,password
1268,user1268,password
1269,user1269,password
1270,user1270,password
1271,user1271,password
1272,user1272,password
1273,user1273,password
1274,user1274,password
1275,user1275,password
1276,user1276,password
1277,user1277,password
1278,user1278,password
1279,user1279,password
1280,user1280,password
1281,user1281,password
1282,user1282,password
1283,user1283,password
1284,user1284,password
1285,user1285,password
1286,user1286,password
1287,user1287,password
1288,user1288,password
1289,user1289,password
1290,user1290,password
1291,user1291,password
1292,user1292,password
1293,user1293,password
1294,user1294,password
1295,user1295,password
1296,user1296,password
1297,user1297,password
1298,user1298,password
1299,user1299,password
1300,user1300,password
1301,user1301,password
1302,user1302,password
1303,user1303,password
1304,user1304,password
1305,user1305,password
1306,user1306,password
1307,user1307,password
1308,user1308,password
1309,user1309,password
1310,user1310,password
1311,user1311,password
1312,user1312,password
1313,user1313,password
1314,user1314,password
1315,user1315,password
1316,user1316,password
1317,user1317,password
1318,user1318,password
1319,user1319,password
1320,user1320,password
1321,user1321,password
1322,user1322,password
1323,user1323,password
1324,user1324,password
1325,user1325,password
1326,user1326,password
1327,user1327,password
1328,user1328,password
1329,user1329,password
1330,user1330,password
1331,user1331,password
1332,user1332,password
1333,user1333,password
1334,user1334,password
1335,user1335,password
1336,user1336,password
1337,user1337,password
1338,user1338,password
1339,user1339,password
1340,user1340,password
1341,user1341,password
1342,user1342,password
1343,user1343,password
1344,user1344,password
1345,user1345,password
1346,user1346,password
1347,user1347,password
1348,user1348,password
1349,user1349,password
1350,user1350,password
1351,user1351,password
1352,user1352,password
1353,user1353,password
1354,user1354,password
1355,user1355,password
1356,user1356,password
1357,user1357,password
1358,user1358,password
1359,user1359,password
1360,user1360,password
1361,user1361,password
1362,user1362,password
1363,user1363,password
1364,user1364,password
1365,user1365,password
1366,user1366,password
1367,user1367,password
1368,user1368,password
1369,user1369,password
1370,user1370,password
1371,user1371,password
1372,user1372,password
1373,user1373,password
1374,user1374,password
1375,user1375,password
1376,user1376,password
1377,user1377,password
1378,user1378,password
1379,user1379,password
1380,user1380,password
1381,user1381,password
1382,user1382,password
1383,user1383,password
1384,user1384,password
1385,user1385,password
1386,user1386,password
1387,user1387,password
1388,user1388,password
1389,user1389,password
1390,user1390,password
1391,user1391,password
1392,user1392,password
1393,user1393,password
1394,user1394,password
1395,user1395,password
1396,user1396,password
1397,user1397,password
1398,user1398,password
1399,user1399,password
1400,user1400,password
1401,user1401,password
1402,user1402,password
1403,user1403,password
1404,user1404,password
1405,user1405,password
1406,user1406,password
1407,user1407,password
1408,user1408,password
1409,user1409,password
1410,user1410,password
1411,user1411,password
1412,user1412,password
1413,user1413,password
1414,user1414,password
1415,user1415,password
1416,user1416,password
1417,user1417,password
1418,user1418,password
1419,user1419,password
1420,user1420,password
1421,user1421,password
1422,user1422,password
1423,user1423,password
1424,user1424,password
1425,user1425,password
1426,user1426,password
1427,user1427,password
1428,user1428,password
1429,user1429,password
1430,user1430,password
1431,user1431,password
1432,user1432,password
1433,user1433,password
1434,user1434,password
1435,user1435,password
1436,user1436,password
1437,user1437,password
1438,user1438,password
1439,user1439,password
1440,user1440,password
1441,user1441,password
1442,user1442,password
1443,user1443,password
1444,user1444,password
1445,user1445,password
1446,user1446,password
1447,user1447,password
1448,user1448,password
1449,user1449,password
1450,user1450,password
1451,user1451,password
1452,user1452,password
1453,user1453,password
1454,user1454,password
1455,user1455,password
1456,user1456,password
1457,user1457,password
1458,user1458,password
1459,user1459,password
1460,user1460,password
1461,user1461,password
1462,user1462,password
1463,user1463,password
1464,user1464,password
1465,user1465,password
1466,user1466,password
1467,user1467,password
1468,user1468,password
1469,user1469,password
1470,user1470,password
1471,user1471,password
1472,user1472,password
1473,user1473,password
1474,user1474,password
1475,user1475,password
1476,user1476,password
1477,user1477,password
1478,user1478,password
1479,user1479,password
1480,user1480,password
1481,user1481,password
1482,user1482,password
1483,user1483,password
1484,user1484,password
1485,user1485,password
1486,user1486,password
1487,user1487,password
1488,user1488,password
1489,user1489,password
1490,user1490,password
1491,user1491,password
1492,user1492,password
1493,user1493,password
1494,user1494,password
1495,user1495,password
1496,user1496,password
1497,user1497,password
1498,user1498,password
1499,user1499,password
1500,user1500,password
1501,user1501,password
1502,user1502,password
1503,user1503,password
1504,user1504,password
1505,user1505,password
1506,user1506,password
1507,user1507,password
1508,user1508,password
1509,user1509,password
1510,user1510,password
1511,user1511,password
1512,user1512,password
1513,user1513,password
1514,user1514,password
1515,user1515,password
1516,user1516,password
1517,user1517,password
1518,user1518,password
1519,user1519,password
1520,user1520,password
1521,user1521,password
1522,user1522,password
1523,user1523,password
1524,user1524,password
1525,user1525,password
1526,user1526,password
1527,user1527,password
1528,user1528,password
1529,user1529,password
1530,user1530,password
1531,user1531,password
1532,user1532,password
1533,user1533,password
1534,user1534,password
1535,user1535,password
1536,user1536,password
1537,user1537,password
1538,user1538,password
1539,user1539,password
1540,user1540,password
1541,user1541,password
1542,user1542,password
1543,user1543,password
1544,user1544,password
1545,user1545,password
1546,user1546,password
1547,user1547,password
1548,user1548,password
1549,user1549,password
1550,user1550,password
1551,user1551,password
1552,user1552,password
1553,user1553,password
1554,user1554,password
1555,user1555,password
1556,user1556,password
1557,user1557,password
1558,user1558,password
1559,user1559,password
1560,user1560,password
1561,user1561,password
1562,user1562,password
1563,user1563,password
1564,user1564,password
1565,user1565,password
1566,user1566,password
1567,user1567,password
1568,user1568,password
1569,user1569,password
1570,user1570,password
1571,user1571,password
1572,user1572,password
1573,user1573,password
1574,user1574,password
1575,user1575,password
1576,user1576,password
1577,user1577,password
1578,user1578,password
1579,user1579,password
1580,user1580,password
1581,user1581,password
1582,user1582,password
1583,user1583,password
1584,user1584,password
1585,user1585,password
1586,user1586,password
1587,user1587,password
1588,user1588,password
1589,user1589,password
1590,user1590,password
1591,user1591,password
1592,user1592,password
1593,user1593,password
1594,user1594,password
1595,user1595,password
1596,user1596,password
1597,user1597,password
1598,user1598,password
1599,user1599,password
1600,user1600,password
1601,user1601,password
1602,user1602,password
1603,user1603,password
1604,user1604,password
1605,user1605,password
1606,user1606,password
1607,user1607,password
1608,user1608,password
1609,user1609,password
1610,user1610,password
1611,user1611,password
1612,user1612,password
1613,user1613,password
1614,user1614,password
1615,user1615,password
1616,user1616,password
1617,user1617,password
1618,user1618,password
1619,user1619,password
1620,user1620,password
1621,user1621,password
1622,user1622,password
1623,user1623,password
1624,user1624,password
1625,user1625,password
1626,user1626,password
1627,user1627,password
1628,user1628,password
1629,user1629,password
1630,user1630,password
1631,user1631,password
1632,user1632,password
1633,user1633,password
1634,user1634,password
1635,user1635,password
1636,user1636,password
1637,user1637,password
1638,user1638,password
1639,user1639,password
1640,user1640,password
1641,user1641,password
1642,user1642,password
1643,user1643,password
1644,user1644,password
1645,user1645,password
1646,user1646,password
1647,user1647,password
1648,user1648,password
1649,user1649,password
1650,user1650,password
1651,user1651,password
1652,user1652,password
1653,user1653,password
1654,user1654,password
1655,user1655,password
1656,user1656,password
1657,user1657,password
1658,user1658,password
1659,user1659,password
1660,user1660,password
1661,user1661,password
1662,user1662,password
1663,user1663,password
1664,user1664,password
1665,user1665,password
1666,user1666,password
1667,user1667,password
1668,user1668,password
1669,user1669,password
1670,user1670,password
1671,user1671,password
1672,user1672,password
1673,user1673,password
1674,user1674,password
1675,user1675,password
1676,user1676,password
1677,user1677,password
1678,user1678,password
1679,user1679,password
1680,user1680,password
1681,user1681,password
1682,user1682,password
1683,user1683,password
1684,user1684,password
1685,user1685,password
1686,user1686,password
1687,user1687,password
1688,user1688,password
1689,user1689,password
1690,user1690,password
1691,user1691,password
1692,user1692,password
1693,user1693,password
1694,user1694,password
1695,user1695,password
1696,user1696,password
1697,user1697,password
1698,user1698,password
1699,user1699,password
1700,user1700,password
1701,user1701,password
1702,user1702,password
1703,user1703,password
1704,user1704,password
1705,user1705,password
1706,user1706,password
1707,user1707,password
1708,user1708,password
1709,user1709,password
1710,user1710,password
1711,user1711,password
1712,user1712,password
1713,user1713,password
1714,user1714,password
1715,user1715,password
1716,user1716,password
1717,user1717,password
1718,user1718,password
1719,user1719,password
1720,user1720,password
1721,user1721,password
1722,user1722,password
1723,user1723,password
1724,user1724,password
1725,user1725,password
1726,user1726,password
1727,user1727,password
1728,user1728,password
1729,user1729,password
1730,user1730,password
1731,user1731,password
1732,user1732,password
1733,user1733,password
1734,user1734,password
1735,user1735,password
1736,user1736,password
1737,user1737,password
1738,user1738,password
1739,user1739,password
1740,user1740,password
1741,user1741,password
1742,user1742,password
1743,user1743,password
1744,user1744,password
1745,user1745,password
1746,user1746,password
1747,user1747,password
1748,user1748,password
1749,user1749,password
1750,user1750,password
1751,user1751,password
1752,user1752,password
1753,user1753,password
1754,user1754,password
1755,user1755,password
1756,user1756,password
1757,user1757,password
1758,user1758,password
1759,user1759,password
1760,user1760,password
1761,user1761,password
1762,user1762,password
1763,user1763,password
1764,user1764,password
1765,user1765,password
1766,user1766,password
1767,user1767,password
1768,user1768,password
1769,user1769,password
1770,user1770,password
1771,user1771,password
1772,user1772,password
1773,user1773,password
1774,user1774,password
1775,user1775,password
1776,user1776,password
1777,user1777,password
1778,user1778,password
1779,user1779,password
1780,user1780,password
1781,user1781,password
1782,user1782,password
1783,user1783,password
1784,user1784,password
1785,user1785,password
1786,user1786,password
1787,user1787,password
1788,user1788,password
1789,user1789,password
1790,user1790,password
1791,user1791,password
1792,user1792,password
1793,user1793,password
1794,user1794,password
1795,user1795,password
1796,user1796,password
1797,user1797,password
1798,user1798,password
1799,user1799,password
1800,user1800,password
1801,user1801,password
1802,user1802,password
1803,user1803,password
1804,user1804,password
1805,user1805,password
1806,user1806,password
1807,user1807,password
1808,user1808,password
1809,user1809,password
1810,user1810,password
1811,user1811,password
1812,user1812,password
1813,user1813,password
1814,user1814,password
1815,user1815,password
1816,user1816,password
1817,user1817,password
1818,user1818,password
1819,user1819,password
1820,user1820,password
1821,user1821,password
1822,user1822,password
1823,user1823,password
1824,user1824,password
1825,user1825,password
1826,user1826,password
1827,user1827,password
1828,user1828,password
1829,user1829,password
1830,user1830,password
1831,user1831,password
1832,user1832,password
1833,user1833,password
1834,user1834,password
1835,user1835,password
1836,user1836,password
1837,user1837,password
1838,user1838,password
1839,user1839,password
1840,user1840,password
1841,user1841,password
1842,user1842,password
1843,user1843,password
1844,user1844,password
1845,user1845,password
1846,user1846,password
1847,user1847,password
1848,user1848,password
1849,user1849,password
1850,user1850,password
1851,user1851,password
1852,user1852,password
1853,user1853,password
1854,user1854,password
1855,user1855,password
1856,user1856,password
1857,user1857,password
1858,user1858,password
1859,user1859,password
1860,user1860,password
1861,user1861,password
1862,user1862,password
1863,user1863,password
1864,user1864,password
1865,user1865,password
1866,user1866,password
1867,user1867,password
1868,user1868,password
1869,user1869,password
1870,user1870,password
1871,user1871,password
1872,user1872,password
1873,user1873,password
1874,user1874,password
1875,user1875,password
1876,user1876,password
1877,user1877,password
1878,user1878,password
1879,user1879,password
1880,user1880,password
1881,user1881,password
1882,user1882,password
1883,user1883,password
1884,user1884,password
1885,user1885,password
1886,user1886,password
1887,user1887,password
1888,user1888,password
1889,user1889,password
1890,user1890,password
1891,user1891,password
1892,user1892,password
1893,user1893,password
1894,user1894,password
1895,user1895,password
1896,user1896,password
1897,user1897,password
1898,user1898,password
1899,user1899,password
1900,user1900,password
1901,user1901,password
1902,user1902,password
1903,user1903,password
1904,user1904,password
1905,user1905,password
1906,user1906,password
1907,user1907,password
1908,user1908,password
1909,user1909,password
1910,user1910,password
1911,user1911,password
1912,user1912,password
1913,user1913,password
1914,user1914,password
1915,user1915,password
1916,user1916,password
1917,user1917,password
1918,user1918,password
1919,user1919,password
1920,user1920,password
1921,user1921,password
1922,user1922,password
1923,user1923,password
1924,user1924,password
1925,user1925,password
1926,user1926,password
1927,user1927,password
1928,user1928,password
1929,user1929,password
1930,user1930,password
1931,user1931,password
1932,user1932,password
1933,user1933,password
1934,user1934,password
1935,user1935,password
1936,user1936,password
1937,user1937,password
1938,user1938,password
1939,user1939,password
1940,user1940,password
1941,user1941,password
1942,user1942,password
1943,user1943,password
1944,user1944,password
1945,user1945,password
1946,user1946,password
1947,user1947,password
1948,user1948,password
1949,user1949,password
1950,user1950,password
1951,user1951,password
1952,user1952,password
1953,user1953,password
1954,user1954,password
1955,user1955,password
1956,user1956,password
1957,user1957,password
1958,user1958,password
1959,user1959,password
1960,user1960,password
1961,user1961,password
1962,user1962,password
1963,user1963,password
1964,user1964,password
1965,user1965,password
1966,user1966,password
1967,user1967,password
1968,user1968,password
1969,user1969,password
1970,user1970,password
1971,user1971,password
1972,user1972,password
1973,user1973,password
1974,user1974,password
1975,user1975,password
1976,user1976,password
1977,user1977,password
1978,user1978,password
1979,user1979,password
1980,user1980,password
1981,user1981,password
1982,user1982,password
1983,user1983,password
1984,user1984,password
1985,user1985,password
1986,user1986,password
1987,user1987,password
1988,user1988,password
1989,user1989,password
1990,user1990,password
1991,user1991,password
1992,user1992,password
1993,user1993,password
1994,user1994,password
1995,user1995,password
1996,user1996,password
1997,user1997,password
1998,user1998,password
1999,user1999,password
2000,user2000,password
